{
  "Author": "This file was created by WorldTools 1.2.8 (https://github.com/Avanatiker/WorldTools/)",
  "stats": {
    "minecraft:custom": {
      "minecraft:jump": 21,
      "minecraft:time_since_rest": 3849,
      "minecraft:crouch_one_cm": 4,
      "minecraft:play_time": 3849,
      "minecraft:leave_game": 2,
      "minecraft:sprint_one_cm": 5464,
      "minecraft:time_since_death": 3849,
      "minecraft:walk_one_cm": 3029,
      "minecraft:sneak_time": 35,
      "minecraft:total_world_time": 3849,
      "minecraft:fly_one_cm": 7026
    }
  },
  "DataVersion": 4189
}