{"has_precipitation":false,"carvers":{},"scale":1.0,"downfall":0.0,"spawn_costs":{},"spawners":{},"precipitation":"none","features":[],"effects":{"water_fog_color":329011,"water_color":4159204,"music":{"max_delay":24000,"sound":"minecraft:music.nether.soul_sand_valley","replace_current_music":false,"min_delay":12000},"additions_sound":{"sound":"minecraft:ambient.soul_sand_valley.additions","tick_chance":0.0111},"fog_color":1787717,"particle":{"options":{"type":"minecraft:ash"},"probability":0.00625},"ambient_sound":"minecraft:ambient.soul_sand_valley.loop","mood_sound":{"offset":2.0,"sound":"minecraft:ambient.soul_sand_valley.mood","block_search_extent":8,"tick_delay":6000},"sky_color":7254527},"depth":0.0,"temperature":2.0,"surface_builder":"minecraft:nope","category":"nether","starts":[]}
