{"has_precipitation":true,"carvers":{},"scale":1.0,"downfall":0.3,"spawn_costs":{},"spawners":{},"precipitation":"rain","features":[],"effects":{"water_fog_color":329011,"water_color":4159204,"music":{"max_delay":24000,"sound":"minecraft:music.overworld.stony_peaks","replace_current_music":false,"min_delay":12000},"fog_color":12638463,"mood_sound":{"offset":2.0,"sound":"minecraft:ambient.cave","block_search_extent":8,"tick_delay":6000},"sky_color":7776511},"depth":0.0,"temperature":1.0,"surface_builder":"minecraft:nope","category":"mountain","starts":[]}
